Workbook

Sheet RAW
A1: How digitalization affects Consumer Behavior(Excel Data Analysis) | B1: Column1 | C1: Column2 | D1: Column3 | E1: Column4
A2: Variables: Internet Users(%), Social Media Users(%),E-commerce sales(% of Retail)
A3: Countries Studied: USA, Germany, Nepal, South Africa
A4: Years: 2018 through 2023
A6: Country | B6: Year | C6: Internet Users(%) | D6: Social Media Users(%) | E6: E-commerce Sales(%)
A7: USA | B7: 2018 | C7: 89 | D7: 70 | E7: 9
A8: USA | B8: 2019 | C8: 90 | D8: 72 | E8: 10.5
A9: USA | B9: 2020 | C9: 91 | D9: 75 | E9: 12
A10: USA | B10: 2021 | C10: 93 | D10: 78 | E10: 13.5
A11: USA | B11: 2022 | C11: 94 | D11: 80 | E11: 14.5
A12: USA | B12: 2023 | C12: 95 | D12: 82 | E12: 15.5
A13: Germany | B13: 2018 | C13: 87 | D13: 65 | E13: 7
A14: Germany | B14: 2019 | C14: 88 | D14: 67 | E14: 8
A15: Germany | B15: 2020 | C15: 90 | D15: 70 | E15: 9
A16: Germany | B16: 2021 | C16: 91 | D16: 72 | E16: 10
A17: Germany | B17: 2022 | C17: 92 | D17: 74 | E17: 10.8
A18: Germany | B18: 2023 | C18: 93 | D18: 76 | E18: 11.2
... A30: China | B30: 2023 | C30: 78 | D30: 64 | E30: 46

Sheet HISTOGRAM

Sheet ARMEASURES
A1: Measure | B1: Internet Users | C1: Social Media Users | D1: E-commerce sales
A2: Mean | B2: =AVERAGE(RAW!C7:C30) -> 84.291667 | C2: =AVERAGE(RAW!D7:D30) -> 65.75 | D2: =AVERAGE(RAW!E7:E30) -> 17.104167
A3: Median | B3: =MEDIAN(RAW!C7:C30) -> 87.5 | C3: =MEDIAN(RAW!D7:D30) -> 65.5 | D3: =MEDIAN(RAW!E7:E30) -> 11.6
A4: Std Dev | B4: =_xlfn.STDEV.S(RAW!C7:C30) -> 9.5347382 | C4: =_xlfn.STDEV.S(RAW!D7:D30) -> 9.5882628 | D4: =_xlfn.STDEV.S(RAW!E7:E30) -> 12.113502
A5: Minimun | B5: =MIN(RAW!C7:C30) -> 59 | C5: =MIN(RAW!D7:D30) -> 45 | D5: =MIN(RAW!E7:E30) -> 7
A6: Maximum | B6: =MAX(RAW!C7:C30) -> 95 | C6: =MAX(RAW!D7:D30) -> 82 | D6: =MAX(RAW!E7:E30) -> 46
A7: Range | B7: =MAX(RAW!C7:C30) - MIN(RAW!C7:C30) -> 36 | C7: =MAX(RAW!D7:D30) - MIN(RAW!D7:D30) -> 37 | D7: =MAX(RAW!E7:E30) - MIN(RAW!E7:E30) -> 39
A8: Count | B8: =COUNT(RAW!C7:C30) -> 24 | C8: =COUNT(RAW!D7:D30) -> 24 | D8: =COUNT(RAW!E7:E30) -> 24

Sheet SCATTER
E20: =CORREL(RAW!C7:C30, RAW!D7:D30) -> 0.91299446 | L20: =CORREL(RAW!C7:C30, RAW!E7:E30) -> -0.65881544

Sheet PIVOT TABLE
A1: Country | B1: Avg Internet Users | C1: Avg Social Media | D1: Avg E-commerce
A2: USA | B2: =AVERAGEIF(RAW!A:A,"USA",RAW!C:C) -> 92 | C2: =AVERAGEIF(RAW!A:A,"USA",RAW!D:D) -> 76.166667 | D2: =AVERAGEIF(RAW!A:A,"USA",RAW!E:E) -> 12.5
A3: Germany | B3: =AVERAGEIF(RAW!A:A,"Germany",RAW!C:C) -> 90.166667 | C3: =AVERAGEIF(RAW!A:A,"Germany",RAW!D:D) -> 70.666667 | D3: =AVERAGEIF(RAW!A:A,"Germany",RAW!E:E) -> 9.3333333
A4: Russia | B4: =AVERAGEIF(RAW!A:A,"Russia",RAW!C:C) -> 84.666667 | C4: =AVERAGEIF(RAW!A:A,"Russia",RAW!D:D) -> 60.666667 | D4: =AVERAGEIF(RAW!A:A,"Russia",RAW!E:E) -> 10.25
A5: China | B5: =AVERAGEIF(RAW!A:A,"China",RAW!C:C) -> 70.333333 | C5: =AVERAGEIF(RAW!A:A,"China",RAW!D:D) -> 55.5 | D5: =AVERAGEIF(RAW!A:A,"China",RAW!E:E) -> 36.333333

Sheet sheet 1
